Fund Holdings as of,"11/Aug/2026"
 
Ticker,Name,Sector,Asset Class,Market Value,Weight (%),Notional Value,Shares,Price,Location,Exchange,Market Currency
"PRY","PRYSMIAN","Industrials","Equity","10’393’156.65","1.70","10’393’156.65","81’483.00","127.55","Italy","Borsa Italiana","EUR"
"SDZ","SANDOZ GROUP AG","Health Care","Equity","9’289’252.02","1.52","9’289’252.02","120’635.00","77.00","Switzerland","SIX Swiss Exchange","CHF"
"REP","REPSOL","Energy","Equity","8’451’652.32","1.39","8’451’652.32","319’896.00","26.42","Spain","Bolsa De Madrid","EUR"
"SLHN","SWISS LIFE HOLDING AG","Financials","Equity","8’082’465.30","1.33","8’082’465.30","8’043.00","1’004.90","Switzerland","SIX Swiss Exchange","CHF"
"ABN","ABN AMRO BANK NV","Financials","Equity","7’130’568.00","1.17","7’130’568.00","179’160.00","39.80","Netherlands","Euronext Amsterdam","EUR"
"AV.","AVIVA PLC","Financials","Equity","7’123’053.12","1.17","7’123’053.12","873’225.00","8.16","United Kingdom","London Stock Exchange","GBP"
"LDO","LEONARDO FINMECCANICA SPA","Industrials","Equity","6’870’213.80","1.13","6’870’213.80","116’642.00","58.90","Italy","Borsa Italiana","EUR"
"BPE","BPER BANCA","Financials","Equity","6’604’218.14","1.08","6’604’218.14","455’589.00","14.50","Italy","Borsa Italiana","EUR"
"PUB","PUBLICIS GROUPE SA","Communication","Equity","6’557’553.60","1.08","6’557’553.60","66’372.00","98.80","France","Nyse Euronext - Euronext Paris","EUR"
"VWS","VESTAS WIND SYSTEMS","Industrials","Equity","6’544’565.04","1.07","6’544’565.04","276’419.00","23.68","Denmark","Omx Nordic Exchange Copenhagen A/S","DKK"
"A5G","AIB GROUP PLC","Financials","Equity","6’453’682.95","1.06","6’453’682.95","601’742.00","10.73","Ireland","Irish Stock Exchange - All Market","EUR"
"NXT","NEXT PLC","Consumer Discretionary","Equity","6’039’843.63","0.99","6’039’843.63","33’114.00","182.40","United Kingdom","London Stock Exchange","GBP"
"AER","AERCAP HOLDINGS","Industrials","Equity","6’020’908.77","0.99","6’020’908.77","46’545.00","129.36","Netherlands","New York Stock Exchange Inc.","USD"
"NN","NN GROUP","Financials","Equity","5’908’163.76","0.97","5’908’163.76","75’804.00","77.94","Netherlands","Euronext Amsterdam","EUR"
"MTX","MTU AERO ENGINES HOLDING AG","Industrials","Equity","5’839’880.80","0.96","5’839’880.80","15’544.00","375.70","Germany","Xetra","EUR"
"FRE","FRESENIUS SE AND CO KGAA","Health Care","Equity","5’747’490.70","0.94","5’747’490.70","121’898.00","47.15","Germany","Xetra","EUR"
"ACS","ACS ACTIVIDADES DE CONSTRUCCION Y","Industrials","Equity","5’613’189.00","0.92","5’613’189.00","51’830.00","108.30","Spain","Bolsa De Madrid","EUR"
"BAMI","BANCO BPM","Financials","Equity","5’598’795.32","0.92","5’598’795.32","330’215.00","16.95","Italy","Borsa Italiana","EUR"
"IHG","INTERCONTINENTAL HOTELS GROUP PLC","Consumer Discretionary","Equity","5’582’074.07","0.92","5’582’074.07","41’355.00","134.98","United Kingdom","London Stock Exchange","USD"
"SAAB B","SAAB CLASS B","Industrials","Equity","5’542’215.51","0.91","5’542’215.51","92’446.00","59.95","Sweden","Nasdaq Omx Nordic","SEK"
"GEBN","GEBERIT AG","Industrials","Equity","5’529’477.16","0.91","5’529’477.16","9’290.00","595.21","Switzerland","SIX Swiss Exchange","CHF"
"LGEN","LEGAL AND GENERAL GROUP PLC","Financials","Equity","5’333’492.25","0.87","5’333’492.25","1’511’030.00","3.53","United Kingdom","London Stock Exchange","GBP"
"VACN","VAT GROUP AG","Industrials","Equity","5’277’616.79","0.87","5’277’616.79","7’827.00","674.28","Switzerland","SIX Swiss Exchange","CHF"
"BIRG","BANK OF IRELAND GROUP PLC","Financials","Equity","5’200’216.08","0.85","5’200’216.08","274’273.00","18.96","Ireland","Irish Stock Exchange - All Market","EUR"
"HBAN","HELVETIA BALOISE HOLDING N AG","Financials","Equity","5’100’709.38","0.84","5’100’709.38","22’222.00","229.53","Switzerland","SIX Swiss Exchange","CHF"
"SGSN","SGS SA","Industrials","Equity","4’910’647.35","0.81","4’910’647.35","47’869.00","102.58","Switzerland","SIX Swiss Exchange","CHF"
"SAB","BANCO DE SABADELL","Financials","Equity","4’894’284.33","0.80","4’894’284.33","1’394’383.00","3.51","Spain","Bolsa De Madrid","EUR"
"BAER","JULIUS BAER GRUPPE AG","Financials","Equity","4’807’923.44","0.79","4’807’923.44","59’483.00","80.83","Switzerland","SIX Swiss Exchange","CHF"
"GMAB","GENMAB","Health Care","Equity","4’711’745.01","0.77","4’711’745.01","17’674.00","266.59","Denmark","Omx Nordic Exchange Copenhagen A/S","DKK"
"WKL","WOLTERS KLUWER","Industrials","Equity","4’641’752.10","0.76","4’641’752.10","65’469.00","70.90","Netherlands","Euronext Amsterdam","EUR"
"HLMA","HALMA PLC","Information Technology","Equity","4’640’505.29","0.76","4’640’505.29","106’647.00","43.51","United Kingdom","London Stock Exchange","GBP"
"BESI","BE SEMICONDUCTOR INDUSTRIES NV","Information Technology","Equity","4’615’875.00","0.76","4’615’875.00","20’515.00","225.00","Netherlands","Euronext Amsterdam","EUR"
"KPN","KONINKLIJKE KPN NV","Communication","Equity","4’420’760.34","0.72","4’420’760.34","1’104’086.00","4.00","Netherlands","Euronext Amsterdam","EUR"
"DSFIR","DSM FIRMENICH AG","Materials","Equity","4’406’839.60","0.72","4’406’839.60","47’365.00","93.04","Netherlands","Euronext Amsterdam","EUR"
"FBK","FINECOBANK BANCA FINECO","Financials","Equity","4’352’330.40","0.71","4’352’330.40","176’924.00","24.60","Italy","Borsa Italiana","EUR"
"ALFA","ALFA LAVAL","Industrials","Equity","4’294’479.14","0.70","4’294’479.14","83’568.00","51.39","Sweden","Nasdaq Omx Nordic","SEK"
"KRX","KINGSPAN GROUP PLC","Industrials","Equity","4’268’002.00","0.70","4’268’002.00","44’228.00","96.50","Ireland","Irish Stock Exchange - All Market","EUR"
"ESSITY B","ESSITY CLASS B","Consumer Staples","Equity","4’181’168.44","0.69","4’181’168.44","165’126.00","25.32","Sweden","Nasdaq Omx Nordic","SEK"
"WRT1V","WARTSILA","Industrials","Equity","4’154’713.94","0.68","4’154’713.94","141’413.00","29.38","Finland","Nasdaq Omx Helsinki Ltd.","EUR"
"TRN","TERNA RETE ELETTRICA NAZIONALE","Utilities","Equity","4’009’011.48","0.66","4’009’011.48","406’511.00","9.86","Italy","Borsa Italiana","EUR"
"BOL","BOLIDEN","Materials","Equity","3’965’225.89","0.65","3’965’225.89","82’171.00","48.26","Sweden","Nasdaq Omx Nordic","SEK"
"SGRO","SEGRO REIT PLC","Real Estate","Equity","3’937’188.05","0.65","3’937’188.05","353’380.00","11.14","United Kingdom","London Stock Exchange","GBP"
"RI","PERNOD RICARD SA","Consumer Staples","Equity","3’914’114.12","0.64","3’914’114.12","56’546.00","69.22","France","Nyse Euronext - Euronext Paris","EUR"
"INF","INFORMA PLC","Communication","Equity","3’893’574.58","0.64","3’893’574.58","368’919.00","10.55","United Kingdom","London Stock Exchange","GBP"
"EDP","EDP ENERGIAS DE PORTUGAL","Utilities","Equity","3’842’316.27","0.63","3’842’316.27","849’694.00","4.52","Portugal","Nyse Euronext - Euronext Lisbon","EUR"
"KRZ","KERRY GROUP PLC","Consumer Staples","Equity","3’785’225.55","0.62","3’785’225.55","46’077.00","82.15","Ireland","Irish Stock Exchange - All Market","EUR"
"BT.A","BT GROUP PLC","Communication","Equity","3’785’069.36","0.62","3’785’069.36","1’650’101.00","2.29","United Kingdom","London Stock Exchange","GBP"
"LOGN","LOGITECH INTERNATIONAL","Information Technology","Equity","3’784’346.29","0.62","3’784’346.29","41’841.00","90.45","Switzerland","SIX Swiss Exchange","CHF"
"CLNX","CELLNEX TELECOM","Communication","Equity","3’740’478.46","0.61","3’740’478.46","138’178.00","27.07","Spain","Bolsa De Madrid","EUR"
"TIT","TELECOM ITALIA","Communication","Equity","3’738’397.83","0.61","3’738’397.83","498’586.00","7.50","Italy","Borsa Italiana","EUR"
"BG","BAWAG GROUP AG","Financials","Equity","3’687’535.50","0.60","3’687’535.50","20’317.00","181.50","Austria","Wiener Boerse Ag","EUR"
"SOON","SONOVA HOLDING AG","Health Care","Equity","3’650’094.16","0.60","3’650’094.16","14’292.00","255.39","Switzerland","SIX Swiss Exchange","CHF"
"NESTE","NESTE","Energy","Equity","3’626’495.08","0.59","3’626’495.08","122’434.00","29.62","Finland","Nasdaq Omx Helsinki Ltd.","EUR"
"STMN","STRAUMANN HOLDING AG","Health Care","Equity","3’601’816.48","0.59","3’601’816.48","32’301.00","111.51","Switzerland","SIX Swiss Exchange","CHF"
"ENX","EURONEXT NV","Financials","Equity","3’593’432.60","0.59","3’593’432.60","22’586.00","159.10","France","Nyse Euronext - Euronext Paris","EUR"
"UPM","UPM-KYMMENE","Materials","Equity","3’555’563.11","0.58","3’555’563.11","153’191.00","23.21","Finland","Nasdaq Omx Helsinki Ltd.","EUR"
"UU.","UNITED UTILITIES GROUP PLC","Utilities","Equity","3’546’319.65","0.58","3’546’319.65","215’060.00","16.49","United Kingdom","London Stock Exchange","GBP"
"PST","POSTE ITALIANE","Financials","Equity","3’539’663.25","0.58","3’539’663.25","132’225.00","26.77","Italy","Borsa Italiana","EUR"
"KOG","KONGSBERG GRUPPEN","Industrials","Equity","3’520’591.93","0.58","3’520’591.93","120’416.00","29.24","Norway","Oslo Bors Asa","NOK"
"SY1","SYMRISE AG","Materials","Equity","3’506’467.50","0.57","3’506’467.50","38’575.00","90.90","Germany","Xetra","EUR"
"SRG","SNAM","Utilities","Equity","3’375’767.30","0.55","3’375’767.30","585’664.00","5.76","Italy","Borsa Italiana","EUR"
"CARL B","CARLSBERG AS CL B","Consumer Staples","Equity","3’375’204.23","0.55","3’375’204.23","27’302.00","123.62","Denmark","Omx Nordic Exchange Copenhagen A/S","DKK"
"MONC","MONCLER","Consumer Discretionary","Equity","3’254’248.00","0.53","3’254’248.00","64’060.00","50.80","Italy","Borsa Italiana","EUR"
"URW","UNIBAIL RODAMCO WE STAPLED UNITS","Real Estate","Equity","3’250’192.10","0.53","3’250’192.10","31’418.00","103.45","France","Nyse Euronext - Euronext Paris","EUR"
"ADM","ADMIRAL GROUP PLC","Financials","Equity","3’247’232.04","0.53","3’247’232.04","74’587.00","43.54","United Kingdom","London Stock Exchange","GBP"
"SGE","THE SAGE GROUP PLC","Information Technology","Equity","3’236’352.53","0.53","3’236’352.53","266’026.00","12.17","United Kingdom","London Stock Exchange","GBP"
"ASRNL","ASR NEDERLAND","Financials","Equity","3’205’917.00","0.53","3’205’917.00","45’474.00","70.50","Netherlands","Euronext Amsterdam","EUR"
"SPSN","SWISS PRIME SITE AG","Real Estate","Equity","3’201’684.11","0.52","3’201’684.11","23’371.00","136.99","Switzerland","SIX Swiss Exchange","CHF"
"AGS","AGEAS","Financials","Equity","3’146’601.40","0.52","3’146’601.40","43’282.00","72.70","Belgium","Nyse Euronext - Euronext Brussels","EUR"
"CCH","COCA COLA HBC AG","Consumer Staples","Equity","3’139’009.49","0.51","3’139’009.49","58’131.00","54.00","United Kingdom","London Stock Exchange","GBP"
"NHY","NORSK HYDRO","Materials","Equity","3’132’899.24","0.51","3’132’899.24","371’833.00","8.43","Norway","Oslo Bors Asa","NOK"
"BNZL","BUNZL","Industrials","Equity","3’092’516.98","0.51","3’092’516.98","94’171.00","32.84","United Kingdom","London Stock Exchange","GBP"
"METSO","METSO CORPORATION","Industrials","Equity","3’087’170.17","0.51","3’087’170.17","184’529.00","16.73","Finland","Nasdaq Omx Helsinki Ltd.","EUR"
"RTO","RENTOKIL INITIAL PLC","Industrials","Equity","3’053’062.38","0.50","3’053’062.38","723’641.00","4.22","United Kingdom","London Stock Exchange","GBP"
"ITRK","INTERTEK GROUP PLC","Industrials","Equity","3’050’877.84","0.50","3’050’877.84","44’638.00","68.35","United Kingdom","London Stock Exchange","GBP"
"EN","BOUYGUES SA","Industrials","Equity","3’042’416.40","0.50","3’042’416.40","64’186.00","47.40","France","Nyse Euronext - Euronext Paris","EUR"
"EDV","ENDEAVOUR MINING","Materials","Equity","3’023’936.80","0.50","3’023’936.80","61’770.00","48.95","United Kingdom","London Stock Exchange","GBP"
"BKT","BANKINTER SA","Financials","Equity","3’020’795.69","0.50","3’020’795.69","182’691.00","16.54","Spain","Bolsa De Madrid","EUR"
"UNI","UNIPOL ASSICURAZIONI SPA","Financials","Equity","2’976’387.84","0.49","2’976’387.84","104’508.00","28.48","Italy","Borsa Italiana","EUR"
"AGN","AEGON","Financials","Equity","2’882’275.44","0.47","2’882’275.44","351’240.00","8.21","Netherlands","Euronext Amsterdam","EUR"
"AKRBP","AKER BP","Energy","Equity","2’880’156.65","0.47","2’880’156.65","91’892.00","31.34","Norway","Oslo Bors Asa","NOK"
"SN.","SMITH AND NEPHEW PLC","Health Care","Equity","2’871’604.66","0.47","2’871’604.66","221’451.00","12.97","United Kingdom","London Stock Exchange","GBP"
"SVT","SEVERN TRENT PLC","Utilities","Equity","2’837’153.14","0.47","2’837’153.14","78’658.00","36.07","United Kingdom","London Stock Exchange","GBP"
"OMV","OMV","Energy","Equity","2’825’018.35","0.46","2’825’018.35","43’163.00","65.45","Austria","Wiener Boerse Ag","EUR"
"MKS","MARKS AND SPENCER GROUP PLC","Consumer Staples","Equity","2’821’636.06","0.46","2’821’636.06","600’045.00","4.70","United Kingdom","London Stock Exchange","GBP"
"AKZA","AKZO NOBEL","Materials","Equity","2’758’639.40","0.45","2’758’639.40","44’110.00","62.54","Netherlands","Euronext Amsterdam","EUR"
"G1A","GEA GROUP AG","Industrials","Equity","2’722’986.65","0.45","2’722’986.65","41’989.00","64.85","Germany","Xetra","EUR"
"SMIN","SMITHS GROUP PLC","Industrials","Equity","2’699’195.87","0.44","2’699’195.87","87’296.00","30.92","United Kingdom","London Stock Exchange","GBP"
"TELIA","TELIA COMPANY","Communication","Equity","2’677’962.28","0.44","2’677’962.28","683’593.00","3.92","Sweden","Nasdaq Omx Nordic","SEK"
"MNG","M&G PLC","Financials","Equity","2’656’601.19","0.44","2’656’601.19","647’821.00","4.10","United Kingdom","London Stock Exchange","GBP"
"CA","CARREFOUR SA","Consumer Staples","Equity","2’647’659.37","0.43","2’647’659.37","168’802.00","15.69","France","Nyse Euronext - Euronext Paris","EUR"
"BEAN","BELIMO N AG","Industrials","Equity","2’624’341.22","0.43","2’624’341.22","2’864.00","916.32","Switzerland","SIX Swiss Exchange","CHF"
"FORTUM","FORTUM","Utilities","Equity","2’594’546.11","0.43","2’594’546.11","130’281.00","19.91","Finland","Nasdaq Omx Helsinki Ltd.","EUR"
"BCP","BANCO COMERCIAL PORTUGUES SA","Financials","Equity","2’576’994.30","0.42","2’576’994.30","2’350’200.00","1.10","Portugal","Nyse Euronext - Euronext Lisbon","EUR"
"ORSTED","ORSTED A/S","Utilities","Equity","2’571’129.80","0.42","2’571’129.80","134’087.00","19.18","Denmark","Omx Nordic Exchange Copenhagen A/S","DKK"
"BVI","BUREAU VERITAS SA","Industrials","Equity","2’561’377.15","0.42","2’561’377.15","91’055.00","28.13","France","Nyse Euronext - Euronext Paris","EUR"
"ORNBV","ORION CLASS B","Health Care","Equity","2’531’503.05","0.42","2’531’503.05","31’903.00","79.35","Finland","Nasdaq Omx Helsinki Ltd.","EUR"
"AC","ACCOR SA","Consumer Discretionary","Equity","2’498’843.52","0.41","2’498’843.52","53’808.00","46.44","France","Nyse Euronext - Euronext Paris","EUR"
"HEIO","HEINEKEN HOLDING NV","Consumer Staples","Equity","2’469’941.00","0.40","2’469’941.00","34’985.00","70.60","Netherlands","Euronext Amsterdam","EUR"
"LI","KLEPIERRE REIT SA","Real Estate","Equity","2’439’665.20","0.40","2’439’665.20","61’670.00","39.56","France","Nyse Euronext - Euronext Paris","EUR"
"GALP","GALP ENERGIA SGPS SA CLASS B","Energy","Equity","2’436’654.60","0.40","2’436’654.60","118’572.00","20.55","Portugal","Nyse Euronext - Euronext Lisbon","EUR"
"RXL","REXEL SA","Industrials","Equity","2’419’990.92","0.40","2’419’990.92","64’602.00","37.46","France","Nyse Euronext - Euronext Paris","EUR"
"MICC","MAGNUM ICE CREAM","Consumer Staples","Equity","2’401’399.20","0.39","2’401’399.20","143’350.00","16.75","Netherlands","Euronext Amsterdam","EUR"
"CNA","CENTRICA PLC","Utilities","Equity","2’398’138.29","0.39","2’398’138.29","1’327’149.00","1.81","United Kingdom","London Stock Exchange","GBP"
"ADDT B","ADDTECH CLASS B","Industrials","Equity","2’390’588.10","0.39","2’390’588.10","75’988.00","31.46","Sweden","Nasdaq Omx Nordic","SEK"
"FGR","EIFFAGE SA","Industrials","Equity","2’388’204.00","0.39","2’388’204.00","19’656.00","121.50","France","Nyse Euronext - Euronext Paris","EUR"
"EVO","EVOLUTION","Consumer Discretionary","Equity","2’371’216.48","0.39","2’371’216.48","35’171.00","67.42","Sweden","Nasdaq Omx Nordic","SEK"
"SKF B","SKF B","Industrials","Equity","2’367’641.89","0.39","2’367’641.89","99’748.00","23.74","Sweden","Nasdaq Omx Nordic","SEK"
"RBI","RAIFFEISEN BANK INTERNATIONAL AG","Financials","Equity","2’343’334.30","0.38","2’343’334.30","38’134.00","61.45","Austria","Wiener Boerse Ag","EUR"
"ERF","EUROFINS SCIENTIFIC","Health Care","Equity","2’322’427.50","0.38","2’322’427.50","33’225.00","69.90","France","Nyse Euronext - Euronext Paris","EUR"
"INDU C","INDUSTRIVARDEN SERIES","Financials","Equity","2’318’008.86","0.38","2’318’008.86","46’920.00","49.40","Sweden","Nasdaq Omx Nordic","SEK"
"TEL2 B","TELE2 B","Communication","Equity","2’317’210.44","0.38","2’317’210.44","157’138.00","14.75","Sweden","Nasdaq Omx Nordic","SEK"
"SKA B","SKANSKA B","Industrials","Equity","2’308’130.36","0.38","2’308’130.36","95’088.00","24.27","Sweden","Nasdaq Omx Nordic","SEK"
"MOWI","MOWI","Consumer Staples","Equity","2’300’962.25","0.38","2’300’962.25","124’700.00","18.45","Norway","Oslo Bors Asa","NOK"
"WISE","WISE PLC CLASS A","Financials","Equity","2’293’061.03","0.38","2’293’061.03","206’899.00","11.08","United Kingdom","London Stock Exchange","GBP"
"FME","FRESENIUS MEDICAL CARE AG","Health Care","Equity","2’285’710.89","0.37","2’285’710.89","54’669.00","41.81","Germany","Xetra","EUR"
"PNDORA","PANDORA","Consumer Discretionary","Equity","2’282’003.09","0.37","2’282’003.09","21’911.00","104.15","Denmark","Omx Nordic Exchange Copenhagen A/S","DKK"
"TREL B","TRELLEBORG B","Industrials","Equity","2’218’879.33","0.36","2’218’879.33","55’951.00","39.66","Sweden","Nasdaq Omx Nordic","SEK"
"TIGO","MILLICOM INTERNATIONAL CELLULAR","Communication","Equity","2’193’284.99","0.36","2’193’284.99","26’640.00","82.33","Sweden","NASDAQ","USD"
"QIA","QIAGEN","Health Care","Equity","2’190’428.08","0.36","2’190’428.08","59’081.00","37.08","Germany","Deutsche Boerse Xetra","EUR"
"TEL","TELENOR","Communication","Equity","2’180’421.94","0.36","2’180’421.94","179’020.00","12.18","Norway","Oslo Bors Asa","NOK"
"TEN","TENARIS SA","Energy","Equity","2’171’749.47","0.36","2’171’749.47","93’489.00","23.23","Italy","Borsa Italiana","EUR"
"CON","CONTINENTAL AG","Consumer Discretionary","Equity","2’170’456.36","0.36","2’170’456.36","31’529.00","68.84","Germany","Xetra","EUR"
"COLO B","COLOPLAST B","Health Care","Equity","2’170’410.72","0.36","2’170’410.72","36’843.00","58.91","Denmark","Omx Nordic Exchange Copenhagen A/S","DKK"
"SDLF","STANDARD LIFE PLC","Financials","Equity","2’164’157.32","0.35","2’164’157.32","205’010.00","10.56","United Kingdom","London Stock Exchange","GBP"
"MRO","MELROSE INDUSTRIES PLC","Industrials","Equity","2’091’429.71","0.34","2’091’429.71","366’649.00","5.70","United Kingdom","London Stock Exchange","GBP"
"BNR","BRENNTAG","Industrials","Equity","2’069’812.50","0.34","2’069’812.50","33’117.00","62.50","Germany","Xetra","EUR"
"SOBI","SWEDISH ORPHAN BIOVITRUM","Health Care","Equity","2’059’452.13","0.34","2’059’452.13","51’225.00","40.20","Sweden","Nasdaq Omx Nordic","SEK"
"SBRY","SAINSBURY(J) PLC","Consumer Staples","Equity","2’008’639.21","0.33","2’008’639.21","498’202.00","4.03","United Kingdom","London Stock Exchange","GBP"
"TLX","TALANX AG","Financials","Equity","1’980’408.00","0.32","1’980’408.00","17’372.00","114.00","Germany","Xetra","EUR"
"ORK","ORKLA","Consumer Staples","Equity","1’971’597.40","0.32","1’971’597.40","208’147.00","9.47","Norway","Oslo Bors Asa","NOK"
"ABF","ASSOCIATED BRITISH FOODS PLC","Consumer Staples","Equity","1’965’495.18","0.32","1’965’495.18","81’015.00","24.26","United Kingdom","London Stock Exchange","GBP"
"PSON","PEARSON PLC","Consumer Discretionary","Equity","1’943’826.96","0.32","1’943’826.96","138’008.00","14.08","United Kingdom","London Stock Exchange","GBP"
"KBX","KNORR BREMSE AG","Industrials","Equity","1’932’403.20","0.32","1’932’403.20","18’816.00","102.70","Germany","Xetra","EUR"
"ABVX","ABIVAX SA","Health Care","Equity","1’922’800.00","0.32","1’922’800.00","17’480.00","110.00","France","Nyse Euronext - Euronext Paris","EUR"
"HOT","HOCHTIEF AG","Industrials","Equity","1’906’412.80","0.31","1’906’412.80","4’286.00","444.80","Germany","Xetra","EUR"
"SECU B","SECURITAS B","Industrials","Equity","1’860’427.78","0.31","1’860’427.78","137’639.00","13.52","Sweden","Nasdaq Omx Nordic","SEK"
"FRES","FRESNILLO PLC","Materials","Equity","1’857’926.36","0.30","1’857’926.36","53’851.00","34.50","United Kingdom","London Stock Exchange","GBP"
"KGF","KINGFISHER PLC","Consumer Discretionary","Equity","1’842’484.56","0.30","1’842’484.56","487’108.00","3.78","United Kingdom","London Stock Exchange","GBP"
"EXO","EXOR NV","Financials","Equity","1’834’498.00","0.30","1’834’498.00","25’838.00","71.00","Netherlands","Euronext Amsterdam","EUR"
"SPX","SPIRAX GROUP PLC","Industrials","Equity","1’790’137.82","0.29","1’790’137.82","21’171.00","84.56","United Kingdom","London Stock Exchange","GBP"
"LIFCO B","LIFCO CLASS B","Industrials","Equity","1’789’997.26","0.29","1’789’997.26","60’768.00","29.46","Sweden","Nasdaq Omx Nordic","SEK"
"YAR","YARA INTERNATIONAL","Materials","Equity","1’781’904.80","0.29","1’781’904.80","46’284.00","38.50","Norway","Oslo Bors Asa","NOK"
"DHER","DELIVERY HERO","Consumer Discretionary","Equity","1’777’204.44","0.29","1’777’204.44","47’916.00","37.09","Germany","Xetra","EUR"
"TRYG","TRYG","Financials","Equity","1’775’422.22","0.29","1’775’422.22","87’667.00","20.25","Denmark","Omx Nordic Exchange Copenhagen A/S","DKK"
"LAND","LAND SECURITIES GROUP REIT PLC","Real Estate","Equity","1’755’587.41","0.29","1’755’587.41","213’687.00","8.22","United Kingdom","London Stock Exchange","GBP"
"IAG","INTERNATIONAL AIRLINES GROUP SA","Industrials","Equity","1’738’653.29","0.29","1’738’653.29","337’865.00","5.15","Spain","Bolsa De Madrid","EUR"
"SRT3","SARTORIUS PREF AG","Health Care","Equity","1’729’343.10","0.28","1’729’343.10","7’257.00","238.30","Germany","Xetra","EUR"
"EMSN","EMS-CHEMIE HOLDING AG","Materials","Equity","1’720’666.72","0.28","1’720’666.72","2’004.00","858.61","Switzerland","SIX Swiss Exchange","CHF"
"INDT","INDUTRADE","Industrials","Equity","1’712’018.55","0.28","1’712’018.55","78’383.00","21.84","Sweden","Nasdaq Omx Nordic","SEK"
"SCA B","SVENSKA CELLULOSA B","Materials","Equity","1’699’591.07","0.28","1’699’591.07","170’487.00","9.97","Sweden","Nasdaq Omx Nordic","SEK"
"AMUN","AMUNDI SA","Financials","Equity","1’697’473.60","0.28","1’697’473.60","17’756.00","95.60","France","Nyse Euronext - Euronext Paris","EUR"
"UHR","THE SWATCH GROUP AG","Consumer Discretionary","Equity","1’687’378.38","0.28","1’687’378.38","8’150.00","207.04","Switzerland","SIX Swiss Exchange","CHF"
"KESKOB","KESKO CLASS B","Consumer Staples","Equity","1’671’860.96","0.27","1’671’860.96","78’344.00","21.34","Finland","Nasdaq Omx Helsinki Ltd.","EUR"
"ELI","ELIA GROUP SA","Utilities","Equity","1’669’792.80","0.27","1’669’792.80","12’766.00","130.80","Belgium","Nyse Euronext - Euronext Brussels","EUR"
"SYENS","SYENSQO NV","Materials","Equity","1’661’042.70","0.27","1’661’042.70","20’331.00","81.70","Belgium","Nyse Euronext - Euronext Brussels","EUR"
"ALO","ALSTOM SA","Industrials","Equity","1’628’155.62","0.27","1’628’155.62","99’399.00","16.38","France","Nyse Euronext - Euronext Paris","EUR"
"GBLB","GROUPE BRUXELLES LAMBERT NV","Financials","Equity","1’613’798.40","0.26","1’613’798.40","21’013.00","76.80","Belgium","Nyse Euronext - Euronext Brussels","EUR"
"HAG","HENSOLDT AG","Industrials","Equity","1’591’895.00","0.26","1’591’895.00","17’590.00","90.50","Germany","Xetra","EUR"
"REC","RECORDATI INDUSTRIA CHIMICA E FARM","Health Care","Equity","1’580’683.80","0.26","1’580’683.80","29’994.00","52.70","Italy","Borsa Italiana","EUR"
"G24","SCOUT24 N","Communication","Equity","1’575’217.00","0.26","1’575’217.00","20’524.00","76.75","Germany","Xetra","EUR"
"SDR","SCHRODERS PLC","Financials","Equity","1’574’776.46","0.26","1’574’776.46","231’002.00","6.82","United Kingdom","London Stock Exchange","GBP"
"IG","ITALGAS","Utilities","Equity","1’561’617.31","0.26","1’561’617.31","178’389.00","8.75","Italy","Borsa Italiana","EUR"
"BEIJ B","BEIJER REF CLASS B","Industrials","Equity","1’553’816.13","0.25","1’553’816.13","124’794.00","12.45","Sweden","Nasdaq Omx Nordic","SEK"
"AM","DASSAULT AVIATION SA","Industrials","Equity","1’553’239.60","0.25","1’553’239.60","4’906.00","316.60","France","Nyse Euronext - Euronext Paris","EUR"
"STERV","STORA ENSO CLASS R","Materials","Equity","1’547’415.65","0.25","1’547’415.65","160’487.00","9.64","Finland","Nasdaq Omx Helsinki Ltd.","EUR"
"IPN","IPSEN SA","Health Care","Equity","1’527’426.60","0.25","1’527’426.60","9’829.00","155.40","France","Nyse Euronext - Euronext Paris","EUR"
"ANA","ACCIONA","Utilities","Equity","1’525’847.60","0.25","1’525’847.60","7’211.00","211.60","Spain","Bolsa De Madrid","EUR"
"RNO","RENAULT SA","Consumer Discretionary","Equity","1’522’209.44","0.25","1’522’209.44","53’336.00","28.54","France","Nyse Euronext - Euronext Paris","EUR"
"INDU A","INDUSTRIVARDEN A","Financials","Equity","1’503’518.74","0.25","1’503’518.74","30’150.00","49.87","Sweden","Nasdaq Omx Nordic","SEK"
"ZAL","ZALANDO","Consumer Discretionary","Equity","1’491’714.18","0.24","1’491’714.18","61’974.00","24.07","Germany","Xetra","EUR"
"NIBE B","NIBE INDUSTRIER CLASS B","Industrials","Equity","1’470’825.65","0.24","1’470’825.65","411’314.00","3.58","Sweden","Nasdaq Omx Nordic","SEK"
"GJF","GJENSIDIGE FORSIKRING","Financials","Equity","1’455’368.29","0.24","1’455’368.29","57’383.00","25.36","Norway","Oslo Bors Asa","NOK"
"LOTB","LOTUS BAKERIES NV","Consumer Staples","Equity","1’439’100.00","0.24","1’439’100.00","117.00","12’300.00","Belgium","Nyse Euronext - Euronext Brussels","EUR"
"IDR","INDRA SISTEMAS SA","Information Technology","Equity","1’431’050.28","0.23","1’431’050.28","22’242.00","64.34","Spain","Bolsa De Madrid","EUR"
"ELISA","ELISA","Communication","Equity","1’428’280.00","0.23","1’428’280.00","40’808.00","35.00","Finland","Nasdaq Omx Helsinki Ltd.","EUR"
"BMED","BANCA MEDIOLANUM","Financials","Equity","1’419’133.56","0.23","1’419’133.56","58’812.00","24.13","Italy","Borsa Italiana","EUR"
"LHA","DEUTSCHE LUFTHANSA AG","Industrials","Equity","1’416’843.28","0.23","1’416’843.28","171’947.00","8.24","Germany","Xetra","EUR"
"AVOL","AVOLTA AG","Consumer Discretionary","Equity","1’415’524.03","0.23","1’415’524.03","27’067.00","52.30","Switzerland","SIX Swiss Exchange","CHF"
"JMT","JERONIMO MARTINS SA","Consumer Staples","Equity","1’391’017.12","0.23","1’391’017.12","81’251.00","17.12","Portugal","Nyse Euronext - Euronext Lisbon","EUR"
"EVK","EVONIK INDUSTRIES AG","Materials","Equity","1’324’956.54","0.22","1’324’956.54","73’527.00","18.02","Germany","Xetra","EUR"
"GET","GETLINK","Industrials","Equity","1’312’227.84","0.22","1’312’227.84","71’008.00","18.48","France","Nyse Euronext - Euronext Paris","EUR"
"RED","REDEIA CORPORACION SA","Utilities","Equity","1’275’256.71","0.21","1’275’256.71","83’187.00","15.33","Spain","Bolsa De Madrid","EUR"
"SW","SODEXO SA","Consumer Discretionary","Equity","1’274’796.60","0.21","1’274’796.60","22’209.00","57.40","France","Nyse Euronext - Euronext Paris","EUR"
"PAH3","PORSCHE AUTOMOBIL HOLDING PREF","Consumer Discretionary","Equity","1’257’983.36","0.21","1’257’983.36","43’924.00","28.64","Germany","Xetra","EUR"
"EDPR","EDP RENEWABLES SA","Utilities","Equity","1’235’394.93","0.20","1’235’394.93","91’443.00","13.51","Portugal","Nyse Euronext - Euronext Lisbon","EUR"
"BARN","BARRY CALLEBAUT AG","Consumer Staples","Equity","1’218’887.60","0.20","1’218’887.60","1’023.00","1’191.48","Switzerland","SIX Swiss Exchange","CHF"
"VAR","VAR ENERGI","Energy","Equity","1’190’161.64","0.20","1’190’161.64","268’564.00","4.43","Norway","Oslo Bors Asa","NOK"
"EUR","EUR CASH","Cash and/or Derivatives","Cash","1’166’257.40","0.19","1’166’257.40","1’166’257.00","100.00","European Union","-","EUR"
"AYV","AYVENS SA","Industrials","Equity","1’163’746.20","0.19","1’163’746.20","98’790.00","11.78","France","Nyse Euronext - Euronext Paris","EUR"
"MAP","MAPFRE SA","Financials","Equity","1’159’915.69","0.19","1’159’915.69","265’063.00","4.38","Spain","Bolsa De Madrid","EUR"
"BCVN","BC VAUD N","Financials","Equity","1’139’010.02","0.19","1’139’010.02","8’687.00","131.12","Switzerland","SIX Swiss Exchange","CHF"
"SOF","SOFINA SA","Financials","Equity","1’103’781.60","0.18","1’103’781.60","4’476.00","246.60","Belgium","Nyse Euronext - Euronext Brussels","EUR"
"INPST","INPOST SA","Industrials","Equity","1’102’125.09","0.18","1’102’125.09","71’059.00","15.51","Netherlands","Euronext Amsterdam","EUR"
"TUB","FINANCIERE DE TUBIZE SA","Health Care","Equity","1’099’975.80","0.18","1’099’975.80","5’747.00","191.40","Belgium","Nyse Euronext - Euronext Brussels","EUR"
"DIE","DIETEREN (D) SA","Consumer Discretionary","Equity","1’095’849.30","0.18","1’095’849.30","6’153.00","178.10","Belgium","Nyse Euronext - Euronext Brussels","EUR"
"LUND B","LUNDBERGFORETAGEN CLASS B","Financials","Equity","1’078’883.43","0.18","1’078’883.43","20’672.00","52.19","Sweden","Nasdaq Omx Nordic","SEK"
"ADP","AEROPORTS DE PARIS SA","Industrials","Equity","1’076’389.60","0.18","1’076’389.60","9’409.00","114.40","France","Nyse Euronext - Euronext Paris","EUR"
"CPR","DAVIDE CAMPARI MILANO NV","Consumer Staples","Equity","1’004’815.68","0.16","1’004’815.68","167’581.00","6.00","Italy","Borsa Italiana","EUR"
"OCTV SDB","OCTAVE INTELLIGENCE SDR PLC","Information Technology","Equity","993’942.62","0.16","993’942.62","59’566.00","16.69","Sweden","Nasdaq Omx Nordic","SEK"
"BALD B","FASTIGHETS BALDER CLASS B","Real Estate","Equity","990’702.53","0.16","990’702.53","202’023.00","4.90","Sweden","Nasdaq Omx Nordic","SEK"
"NEM","NEMETSCHEK","Information Technology","Equity","988’639.10","0.16","988’639.10","16’574.00","59.65","Germany","Xetra","EUR"
"GFC","GECINA SA","Real Estate","Equity","972’390.90","0.16","972’390.90","13’026.00","74.65","France","Nyse Euronext - Euronext Paris","EUR"
"EVD","CTS EVENTIM AG","Communication","Equity","964’292.10","0.16","964’292.10","16’526.00","58.35","Germany","Xetra","EUR"
"RAA","RATIONAL AG","Industrials","Equity","957’372.00","0.16","957’372.00","1’482.00","646.00","Germany","Xetra","EUR"
"SAGA B","SAGAX CLASS B","Real Estate","Equity","941’861.61","0.15","941’861.61","63’130.00","14.92","Sweden","Nasdaq Omx Nordic","SEK"
"SALM","SALMAR","Consumer Staples","Equity","940’073.82","0.15","940’073.82","19’456.00","48.32","Norway","Oslo Bors Asa","NOK"
"CVC","CVC CAPITAL PARTNERS PLC","Financials","Equity","932’650.92","0.15","932’650.92","60’444.00","15.43","Netherlands","Euronext Amsterdam","EUR"
"DEMANT","DEMANT","Health Care","Equity","923’630.96","0.15","923’630.96","24’296.00","38.02","Denmark","Omx Nordic Exchange Copenhagen A/S","DKK"
"BZU","BUZZI","Materials","Equity","919’346.95","0.15","919’346.95","22’105.00","41.59","Italy","Borsa Italiana","EUR"
"BIM","BIOMERIEUX SA","Health Care","Equity","846’486.00","0.14","846’486.00","11’470.00","73.80","France","Nyse Euronext - Euronext Paris","EUR"
"AAF","AIRTEL AFRICA PLC","Communication","Equity","833’644.14","0.14","833’644.14","219’851.00","3.79","United Kingdom","London Stock Exchange","GBP"
"BKW","BKW N AG","Utilities","Equity","821’137.50","0.13","821’137.50","5’848.00","140.41","Switzerland","SIX Swiss Exchange","CHF"
"ROCK B","ROCKWOOL CLASS B","Industrials","Equity","814’460.39","0.13","814’460.39","26’496.00","30.74","Denmark","Omx Nordic Exchange Copenhagen A/S","DKK"
"COV","COVIVIO SA","Real Estate","Equity","789’598.50","0.13","789’598.50","15’170.00","52.05","France","Nyse Euronext - Euronext Paris","EUR"
"LATO B","LATOUR INVESTMENT CLASS B","Industrials","Equity","715’284.32","0.12","715’284.32","40’753.00","17.55","Sweden","Nasdaq Omx Nordic","SEK"
"BOL","BOLLORE","Energy","Equity","671’824.53","0.11","671’824.53","177’356.00","3.79","France","Nyse Euronext - Euronext Paris","EUR"
"VSURE","VERISURE PLC","Industrials","Equity","665’822.34","0.11","665’822.34","70’190.00","9.49","Sweden","Nasdaq Omx Nordic","EUR"
"ICSEAGD","BLK ICS EUR LIQ FUND AGEN ACC T0","Cash and/or Derivatives","Money Market","472’752.96","0.08","472’752.96","4’317.00","109.52","Ireland","-","EUR"
"GBP","GBP CASH","Cash and/or Derivatives","Cash","231’629.56","0.04","231’629.56","197’919.00","117.03","United Kingdom","-","GBP"
"HSBFT","CASH COLLATERAL EUR HSBFT","Cash and/or Derivatives","Cash Collateral and Margins","124’000.00","0.02","124’000.00","124’000.00","100.00","European Union","-","EUR"
"USD","USD CASH","Cash and/or Derivatives","Cash","64’672.13","0.01","64’672.13","74’648.00","86.64","United States","-","USD"
"ICSSAGD","BLK ICS GBP LIQ AGENCY DIS","Cash and/or Derivatives","Money Market","60’894.20","0.01","60’894.20","52’032.00","1.17","Ireland","-","GBP"
"CHF","CHF CASH","Cash and/or Derivatives","Cash","42’034.19","0.01","42’034.19","39’336.00","106.86","Switzerland","-","CHF"
"DKK","DKK CASH","Cash and/or Derivatives","Cash","28’474.42","0.00","28’474.42","212’870.00","13.38","Denmark","-","DKK"
"NOK","NOK CASH","Cash and/or Derivatives","Cash","17’122.08","0.00","17’122.08","187’812.00","9.12","Norway","-","NOK"
"SEK","SEK CASH","Cash and/or Derivatives","Cash","4’837.92","0.00","4’837.92","53’116.00","9.11","Sweden","-","SEK"
"SXTU6","STOXX EUR SMALL200 SEP 26","Cash and/or Derivatives","Futures","0.00","0.00","209’100.00","10.00","418.20","European Union","Eurex Deutschland","EUR"
"RE2G=U6","RED ELECTRICA CORPOR SA SEP 26","Cash and/or Derivatives","Futures","0.00","0.00","417’938.88","27’200.00","15.37","-","Eurex Deutschland","EUR"
"SXRU6","STOXX EUR MID 200 SEP 26","Cash and/or Derivatives","Futures","0.00","0.00","1’242’900.00","36.00","690.50","European Union","Eurex Deutschland","EUR"
 